	actualmood	mood
0	7.0	6.80952380952381
1	7.0	6.80952380952381
2	7.2	6.857142857142858
3	7.8	6.942857142857143
4	7.0	7.085714285714286
5	6.8	7.028571428571429
6	6.2	7.057142857142857
7	7.0	7.0
8	6.75	7.0
9	7.0	6.9642857142857135
10	6.8	6.935714285714285
11	7.8	6.792857142857143
12	8.0	6.9071428571428575
13	6.4	7.078571428571428
14	7.0	7.107142857142856
15	7.0	7.107142857142856
16	6.5	7.1428571428571415
17	7.0	7.071428571428571
18	7.0	7.1
19	7.4	6.985714285714287
20	6.8	6.9
21	7.0	6.957142857142856
22	7.0	6.957142857142856
23	7.0	6.957142857142856
24	7.0	7.0285714285714285
25	7.4	7.0285714285714285
26	7.2	7.0857142857142845
27	7.0	7.057142857142857
28	6.75	7.085714285714286
29	7.0	7.05
30	7.0	7.05
31	7.33333333333333	7.05
32	7.0	7.097619047619048
33	7.0	7.0404761904761894
34	7.0	7.011904761904762
35	7.0	7.011904761904762
36	7.0	7.047619047619048
37	6.6	7.047619047619048
38	7.66666666666667	6.507142857142857
39	6.6	6.923809523809523
40	6.8	6.8952380952380965
41	8.25	7.116666666666667
42	7.0	7.295238095238097
43	6.2	7.438095238095237
44	4.33333333333333	7.216666666666668
45	6.6	6.692857142857143
46	5.5	6.5404761904761894
47	6.2	6.383333333333333
48	6.5	6.297619047619048
49	6.0	6.047619047619048
50	6.75	5.904761904761906
51	5.4	5.9833333333333325
52	6.8	6.135714285714287
53	6.4	6.164285714285714
54	6.2	6.292857142857143
55	3.5	6.292857142857143
56	6.4	5.864285714285713
57	6.5	5.921428571428571
58	6.2	5.885714285714285
59	6.0	6.0
60	4.75	5.885714285714287
61	3.8	5.65
62	5.2	5.307142857142857
63	7.0	5.55
64	3.0	5.635714285714287
65	6.6	5.135714285714286
66	6.0	5.192857142857143
67	6.0	5.192857142857143
68	5.6	5.371428571428572
69	3.3333333333333304	5.628571428571429
70	5.4	5.3619047619047615
71	6.0	5.133333333333333
72	6.75	5.561904761904762
73	5.0	5.583333333333332
74	5.0	5.44047619047619
75	5.0	5.2976190476190474
76	6.2	5.211904761904762
77	5.66666666666667	5.621428571428572
78	8.0	5.659523809523812
79	5.5	5.945238095238096
80	7.75	7.542857142857143
81	7.8	7.649999999999999
82	8.4	7.649999999999999
83	7.6	7.764285714285713
84	7.6	7.735714285714287
85	7.8	7.707142857142857
86	7.6	7.678571428571429
87	8.0	7.792857142857144
88	7.8	7.828571428571429
89	8.0	7.828571428571429
90	8.0	7.771428571428572
91	7.6	7.828571428571429
92	7.8	7.828571428571429
93	7.75	7.828571428571429
94	8.2	7.85
95	7.66666666666667	7.878571428571429
96	7.8	7.859523809523813
97	7.2	7.830952380952383
98	7.75	7.716666666666669
99	7.6	7.738095238095241
100	8.4	7.709523809523811
101	7.6	7.802380952380955
102	7.4	7.716666666666669
103	7.8	7.678571428571429
104	7.75	7.678571428571429
105	7.8	7.757142857142857
106	8.0	7.764285714285713
107	7.6	7.821428571428571
108	8.2	7.707142857142857
109	7.5	7.792857142857144
110	7.8	7.807142857142857
111	7.8	7.807142857142857
112	8.0	7.814285714285715
113	8.0	7.8428571428571425
114	7.8	7.8428571428571425
115	8.2	7.871428571428572
116	8.0	7.871428571428571
117	7.8	7.942857142857143
118	7.8	7.942857142857143
119	8.0	7.942857142857143
120	8.0	8.085714285714285
121	8.6	7.942857142857143
122	8.4	8.057142857142855
123	7.4	8.085714285714285
124	7.6	8.028571428571428
125	7.4	8.0
126	7.8	7.878571428571428
127	7.8	7.885714285714285
128	7.6	7.857142857142856
129	6.8	7.7142857142857135
130	7.4	7.485714285714286
131	7.4	7.485714285714286
132	7.8	7.457142857142855
133	7.4	7.514285714285712
134	7.6	7.457142857142855
135	7.66666666666667	7.428571428571428
136	7.4	7.438095238095237
137	7.0	7.523809523809524
138	7.6	7.466666666666668
139	8.0	7.495238095238094
140	7.25	7.523809523809526
141	7.5	7.5023809523809515
142	7.8	7.488095238095238
143	7.5	7.507142857142857
144	7.4	7.5214285714285705
145	7.6	7.578571428571428
146	7.0	7.578571428571428
147	7.4	7.435714285714285
148	7.5	7.457142857142856
149	7.5	7.457142857142856
150	7.6	7.414285714285714
151	7.0	7.428571428571429
152	7.2	7.371428571428572
153	7.0	7.314285714285715
154	7.2	7.314285714285715
155	7.6	7.2857142857142865
156	7.75	7.3000000000000025
157	7.4	7.335714285714286
158	7.25	7.307142857142857
159	7.8	7.3428571428571425
160	7.66666666666667	7.428571428571429
161	7.0	7.457142857142856
162	7.75	7.457142857142856
163	6.8	7.564285714285713
164	7.2	7.392857142857141
165	7.0	7.421428571428571
166	7.0	7.3357142857142845
167	7.0	7.221428571428571
168	6.2	7.107142857142858
169	6.6	6.992857142857143
170	7.4	6.828571428571429
171	7.6	6.914285714285716
172	7.8	6.9714285714285715
173	8.2	7.085714285714286
174	6.5	7.257142857142857
175	7.25	7.185714285714285
176	7.0	7.3357142857142845
177	7.6	7.392857142857141
178	6.8	7.421428571428571
179	6.25	7.307142857142856
180	6.8	7.0857142857142845
181	8.2	6.885714285714284
182	7.0	7.128571428571428
183	6.6	7.0928571428571425
184	7.0	7.035714285714286
185	7.75	6.9499999999999975
186	6.4	7.0857142857142845
187	7.5	7.107142857142856
188	7.2	7.207142857142856
189	6.75	7.064285714285715
190	7.25	7.028571428571429
191	6.8	7.121428571428572
192	8.0	7.092857142857143
193	7.2	7.128571428571428
194	6.25	7.242857142857143
195	7.6	7.064285714285715
196	7.0	7.121428571428572
197	7.0	7.1571428571428575
198	6.75	7.121428571428572
199	7.0	7.114285714285715
200	7.5	6.976190476190474
201	6.5	7.1190476190476195
202	6.25	7.047619047619048
203	6.4	7.0357142857142865
204	7.75	6.985714285714287
205	7.2	6.921428571428572
206	7.25	6.9785714285714295
207	6.8	6.9785714285714295
208	7.25	6.878571428571429
209	7.0	6.985714285714287
210	7.2	7.0928571428571425
211	7.4	7.207142857142857
212	6.4	7.1571428571428575
213	5.75	7.042857142857144
214	6.4	6.828571428571429
215	7.4	6.771428571428572
216	4.5	6.792857142857144
217	6.8	6.435714285714287
218	6.25	6.378571428571428
219	7.25	6.2142857142857135
220	7.25	6.335714285714286
221	6.5	6.55
222	6.0	6.564285714285715
223	7.2	6.364285714285715
224	8.0	6.750000000000001
225	7.25	6.921428571428572
226	6.66666666666667	7.064285714285716
227	6.5	6.980952380952384
228	5.66666666666667	6.873809523809526
229	5.0	6.7547619047619065
230	5.5	6.611904761904764
231	5.66666666666667	6.369047619047621
232	5.5	6.035714285714289
233	7.0	5.785714285714289
234	9.0	5.833333333333336
235	5.66666666666667	6.942857142857143
236	6.8	6.60952380952381
237	6.5	6.523809523809526
238	7.0	6.538095238095238
239	6.4	6.595238095238097
240	6.0	6.480952380952381
241	5.6	6.395238095238095
242	6.0	6.280952380952381
243	6.5	6.328571428571428
244	6.0	6.2857142857142865
245	5.4	6.2142857142857135
246	6.0	5.985714285714287
247	5.8	5.928571428571429
248	6.4	5.9
249	6.25	6.014285714285713
250	6.2	6.049999999999999
251	7.0	6.007142857142857
252	6.75	6.15
253	7.0	6.342857142857143
254	6.4	6.485714285714287
255	7.2	6.571428571428571
256	6.6	6.685714285714287
257	7.0	6.735714285714287
258	7.0	6.8500000000000005
259	6.4	6.8500000000000005
260	7.0	6.8
261	6.6	6.8
262	7.25	6.828571428571429
263	7.0	6.835714285714286
264	6.8	6.892857142857142
265	7.2	6.864285714285713
266	7.0	6.892857142857142
267	7.25	6.9785714285714295
268	6.6	7.014285714285713
269	7.25	7.014285714285713
270	5.4	7.014285714285713
271	7.2	6.7857142857142865
272	6.75	6.8428571428571425
273	7.2	6.778571428571429
274	8.0	6.807142857142857
275	7.0	6.914285714285716
276	7.0	6.9714285714285715
277	7.0	6.935714285714287
278	8.0	7.164285714285716
279	7.2	7.278571428571429
280	7.0	7.3428571428571425
281	7.33333333333333	7.314285714285715
282	6.6	6.571428571428571
283	7.0	6.621428571428572
284	6.4	6.5357142857142865
285	8.0	6.564285714285713
286	7.5	6.792857142857143
287	7.4	6.892857142857142
288	6.0	7.092857142857143
289	6.5	6.985714285714287
290	6.4	6.971428571428571
291	6.2	6.885714285714285
292	6.8	6.857142857142858
293	6.5	6.685714285714285
294	6.5	6.542857142857143
295	6.6	6.414285714285714
296	7.4	6.5
297	7.4	6.628571428571428
298	7.0	6.7714285714285705
299	7.25	6.885714285714285
300	8.0	6.95
301	7.2	7.164285714285714
302	6.4	7.264285714285713
303	7.2	7.235714285714287
304	6.6	7.207142857142857
305	6.8	7.0928571428571425
306	7.8	7.064285714285715
307	7.25	7.142857142857142
308	7.6	7.0357142857142865
309	7.4	7.092857142857143
310	7.6	7.235714285714287
311	7.6	7.292857142857143
312	7.2	7.435714285714285
313	7.6	7.492857142857143
314	7.5	7.464285714285714
315	7.6	7.500000000000001
316	7.0	7.500000000000001
317	7.8	7.442857142857144
318	8.0	7.4714285714285715
319	7.6	7.528571428571429
320	8.0	7.585714285714286
321	8.0	7.642857142857142
322	6.8	7.7142857142857135
323	7.8	7.7142857142857135
324	7.33333333333333	7.685714285714285
325	8.25	7.733333333333332
326	7.66666666666667	7.769047619047616
327	8.6	7.721428571428571
328	8.0	7.75
329	7.5	7.807142857142857
330	8.0	7.878571428571428
331	8.5	7.9071428571428575
332	8.5	8.073809523809524
333	7.0	8.109523809523811
334	7.75	8.014285714285716
335	7.0	7.892857142857144
336	7.0	7.750000000000001
337	7.8	7.678571428571429
338	7.0	7.65
339	8.0	7.435714285714287
340	8.0	7.364285714285715
341	7.25	7.507142857142857
342	7.0	7.435714285714287
343	7.5	7.435714285714287
344	8.0	7.507142857142857
345	7.0	7.5357142857142865
346	7.0	7.5357142857142865
347	7.25	7.392857142857144
348	7.5	7.2857142857142865
349	8.66666666666667	7.321428571428572
350	7.0	7.559523809523811
351	8.0	7.488095238095241
352	6.0	7.488095238095241
353	6.0	7.345238095238098
354	7.75	7.202380952380954
355	7.25	7.273809523809525
356	7.2	7.238095238095241
357	7.2	7.028571428571429
358	7.75	7.057142857142859
359	8.0	7.021428571428572
360	6.4	7.411904761904763
361	7.25	7.326190476190477
362	8.0	7.219047619047619
363	7.25	7.326190476190477
364	7.4	7.2904761904761894
365	7.4	7.261904761904762
366	7.4	7.290476190476189
367	7.0	7.299999999999999
368	7.5	7.385714285714285
369	7.2	7.421428571428571
370	7.2	7.307142857142857
371	7.2	7.3
372	6.8	7.271428571428572
373	8.0	7.185714285714287
374	7.25	7.271428571428572
375	7.4	7.307142857142857
376	7.5	7.292857142857144
377	7.2	7.335714285714286
378	7.0	7.335714285714286
379	7.0	7.307142857142857
380	7.25	7.335714285714286
381	7.0	7.2285714285714295
382	7.0	7.192857142857143
383	7.0	7.135714285714287
384	6.75	7.064285714285715
385	7.2	7.0
386	7.2	7.028571428571429
387	7.2	7.057142857142857
388	7.0	7.0500000000000025
389	7.0	7.0500000000000025
390	7.2	7.0500000000000025
391	7.0	7.078571428571429
392	7.0	7.114285714285716
393	7.0	7.085714285714286
394	7.2	7.057142857142857
395	7.4	7.057142857142857
396	6.6	7.114285714285715
397	7.25	7.057142857142857
398	7.2	7.064285714285715
399	7.2	7.0928571428571425
400	8.0	7.121428571428572
401	7.2	7.264285714285714
402	6.75	7.264285714285714
403	7.0	7.171428571428572
404	7.0	7.228571428571429
405	8.0	7.192857142857144
406	7.0	7.307142857142857
407	7.25	7.278571428571429
408	7.0	7.171428571428572
409	7.5	7.142857142857142
410	8.0	7.05
411	7.8	7.264285714285713
412	7.0	7.307142857142857
413	7.0	7.335714285714286
414	7.4	7.192857142857143
415	7.8	7.428571428571429
416	7.2	7.457142857142856
417	6.8	7.457142857142856
418	6.8	7.285714285714286
419	6.2	7.1428571428571415
420	7.8	7.0285714285714285
421	5.8	7.1428571428571415
422	6.75	6.914285714285714
423	7.8	6.764285714285713
424	8.0	6.849999999999999
425	7.25	7.0214285714285705
426	7.0	7.0857142857142845
427	8.0	7.1999999999999975
428	7.0	7.228571428571428
429	8.0	7.399999999999999
430	7.25	7.578571428571428
431	7.5	7.5
432	7.0	7.428571428571429
433	6.2	7.392857142857142
434	6.4	7.278571428571429
435	6.8	7.05
436	7.4	7.0214285714285705
437	6.8	6.935714285714285
438	7.0	6.871428571428571
439	7.0	6.799999999999999
440	6.33333333333333	6.799999999999999
441	6.5	6.819047619047617
442	7.25	6.7142857142857135
443	7.0	6.75
444	7.5	6.75
445	7.5	6.992857142857143
446	7.0	7.178571428571429
447	7.0	7.178571428571429
448	7.0	7.178571428571429
449	6.5	7.178571428571429
450	7.0	7.071428571428571
451	5.75	7.071428571428571
452	6.6	6.821428571428571
453	7.2	6.692857142857143
454	7.0	6.7214285714285715
455	7.0	6.7214285714285715
456	7.75	6.7214285714285715
457	7.2	6.9
458	7.0	6.928571428571429
459	7.25	7.1071428571428585
460	7.4	7.200000000000001
461	7.4	7.2285714285714295
462	7.6	7.2857142857142865
463	7.75	7.371428571428572
464	7.75	7.371428571428572
465	7.2	7.45
466	6.2	7.4785714285714295
467	7.0	7.328571428571429
468	7.4	7.271428571428572
469	7.8	7.271428571428572
470	7.5	7.3
471	7.0	7.264285714285713
472	7.6	7.1571428571428575
473	7.4	7.2142857142857135
474	9.0	7.385714285714285
475	7.4	7.671428571428571
476	6.2	7.671428571428571
477	7.4	7.442857142857143
478	7.0	7.428571428571429
479	6.6	6.3500000000000005
480	6.2	6.292857142857144
481	8.0	6.264285714285714
482	6.5	6.578571428571429
483	6.75	6.650000000000001
484	6.2	6.685714285714287
485	7.0	6.750000000000003
486	7.33333333333333	6.750000000000003
487	7.5	6.854761904761905
488	7.4	7.040476190476191
489	7.4	6.954761904761906
490	7.0	7.083333333333334
491	6.8	7.11904761904762
492	8.0	7.204761904761903
493	6.66666666666667	7.347619047619048
494	7.75	7.2523809523809515
495	7.5	7.288095238095238
496	7.5	7.302380952380951
497	6.0	7.316666666666667
498	6.0	7.173809523809526
499	6.2	7.059523809523811
500	6.5	6.802380952380955
501	6.75	6.778571428571429
502	7.5	6.635714285714287
503	7.0	6.635714285714287
504	7.0	6.564285714285716
505	7.0	6.707142857142857
506	7.33333333333333	6.850000000000001
507	8.0	7.011904761904763
508	8.0	7.226190476190476
509	7.66666666666667	7.404761904761906
510	7.0	7.428571428571429
511	6.66666666666667	7.428571428571429
512	7.0	7.380952380952383
513	6.0	7.380952380952383
514	6.66666666666667	7.1904761904761925
515	6.8	7.000000000000003
516	6.8	6.828571428571432
517	7.0	6.704761904761907
518	6.0	6.371428571428572
519	5.4	6.442857142857143
520	6.5	6.2142857142857135
521	6.2	6.178571428571429
522	6.25	6.1000000000000005
523	6.4	6.164285714285716
524	6.25	6.164285714285716
525	5.25	6.142857142857144
526	6.4	6.035714285714287
527	6.6	6.178571428571429
528	6.8	6.192857142857144
529	5.6	6.278571428571429
530	6.6	6.185714285714287
531	6.8	6.214285714285714
532	7.0	6.292857142857144
533	6.8	6.542857142857144
534	6.6	6.6000000000000005
535	5.8	6.6000000000000005
536	6.4	6.457142857142857
537	6.0	6.571428571428571
538	6.5	6.485714285714287
539	5.8	6.442857142857143
540	6.6	6.2714285714285705
541	5.6	6.242857142857143
542	7.0	6.1000000000000005
543	6.0	6.271428571428572
544	6.6	6.214285714285714
545	6.0	6.3000000000000025
546	6.25	6.2285714285714295
547	6.2	6.2928571428571445
548	5.5	6.235714285714288
549	5.6	6.2214285714285715
550	4.8	6.021428571428572
551	6.0	5.850000000000001
552	8.25	7.107142857142858
553	8.0	7.2857142857142865
554	7.75	7.428571428571429
555	7.0	7.571428571428571
556	7.6	7.5357142857142865
557	6.2	7.735714285714287
558	7.6	7.514285714285713
559	7.25	7.485714285714287
560	7.5	7.3428571428571425
561	6.8	7.271428571428572
562	6.2	7.135714285714287
563	7.2	7.021428571428572
564	6.5	6.964285714285714
565	6.0	7.007142857142857
566	6.8	6.778571428571429
567	7.0	6.7142857142857135
568	6.0	6.642857142857142
569	5.8	6.528571428571429
570	6.0	6.471428571428571
571	5.5	6.299999999999999
572	7.0	6.1571428571428575
573	6.6	6.299999999999999
574	8.0	6.2714285714285705
575	6.25	6.414285714285714
576	6.5	6.45
577	6.6	6.55
578	6.33333333333333	6.635714285714287
579	7.2	6.754761904761906
580	7.25	6.783333333333332
581	8.0	6.876190476190477
582	6.25	6.876190476190477
583	6.75	6.876190476190477
584	7.0	6.911904761904763
585	7.5	6.969047619047619
586	7.75	7.135714285714287
587	6.6	7.2142857142857135
588	6.0	7.121428571428572
589	7.0	7.128571428571429
590	6.6	7.057142857142857
591	6.8	7.000000000000001
592	6.75	7.028571428571429
593	8.0	7.078571428571429
594	6.75	7.335714285714286
595	6.6	7.1571428571428575
596	6.6	6.928571428571429
597	7.75	6.871428571428572
598	7.0	7.0357142857142865
599	7.4	7.064285714285715
600	6.8	7.1571428571428575
601	6.8	6.985714285714287
602	6.0	6.992857142857143
603	7.2	6.9071428571428575
604	8.0	6.992857142857143
605	8.0	7.0285714285714285
606	6.4	7.171428571428571
607	7.25	7.0285714285714285
608	6.2	7.092857142857143
609	5.8	7.007142857142857
610	6.6	6.9785714285714295
611	8.0	6.892857142857142
612	7.8	6.892857142857142
613	8.0	6.864285714285713
614	6.6	7.092857142857143
615	6.2	7.0
616	6.8	7.0
617	7.2	7.142857142857142
618	7.8	7.2285714285714295
619	7.4	7.2
620	6.5	7.142857142857142
621	8.0	6.928571428571429
622	6.8	7.128571428571428
623	6.6	7.2142857142857135
624	6.8	7.185714285714285
625	8.0	7.128571428571428
626	6.2	7.1571428571428575
627	6.4	6.985714285714287
628	7.0	6.971428571428571
629	6.0	6.828571428571428
630	6.4	6.7142857142857135
631	7.4	6.685714285714285
632	7.4	6.7714285714285705
633	7.2	6.685714285714285
634	7.4	6.828571428571428
635	7.6	6.971428571428571
636	7.0	7.057142857142857
637	6.6	7.2
638	6.2	7.2285714285714295
639	7.6	7.057142857142857
640	8.0	7.085714285714286
641	7.2	7.200000000000001
642	5.8	7.171428571428572
643	5.4	6.914285714285716
644	7.4	6.685714285714287
645	7.0	7.371428571428572
646	7.4	7.2857142857142865
647	5.8	7.2857142857142865
648	7.0	7.114285714285713
649	8.75	7.057142857142857
650	7.6	7.307142857142857
651	7.2	7.307142857142857
652	7.8	7.25
653	7.6	7.364285714285713
654	8.6	7.392857142857142
655	7.5	7.792857142857144
656	7.2	7.864285714285715
657	6.8	7.642857142857144
658	7.8	7.528571428571429
659	8.0	7.614285714285713
660	7.6	7.642857142857142
661	7.6	7.642857142857142
662	9.33333333333333	7.5
663	8.0	7.761904761904762
664	7.8	7.876190476190474
665	7.2	8.019047619047617
666	6.6	7.933333333333333
667	7.6	7.7333333333333325
668	7.2	7.7333333333333325
669	6.4	7.6761904761904765
670	7.4	7.257142857142857
671	7.66666666666667	7.171428571428572
672	6.6	7.152380952380954
673	7.8	7.066666666666667
674	7.0	7.238095238095238
675	6.4	7.152380952380952
676	6.6	7.038095238095237
677	7.0	7.066666666666667
678	7.8	7.00952380952381
679	6.8	7.0285714285714285
680	7.5	7.057142857142856
681	7.0	7.014285714285713
682	6.6	6.052380952380951
683	7.4	6.328571428571428
684	7.0	6.442857142857143
685	7.2	6.442857142857143
686	6.4	6.614285714285713
687	7.6	6.742857142857143
688	6.6	6.971428571428571
689	7.0	6.971428571428571
690	8.0	7.0285714285714285
691	7.25	7.114285714285713
692	6.6	7.15
693	6.8	7.064285714285713
694	7.2	7.121428571428571
695	6.75	7.064285714285713
696	6.8	7.0857142857142845
697	7.2	7.057142857142856
698	7.2	6.942857142857143
699	7.0	6.935714285714285
700	6.4	6.992857142857143
701	6.8	6.935714285714285
702	6.8	6.878571428571428
703	6.8	6.885714285714284
704	6.8	6.885714285714284
705	7.6	6.8285714285714265
706	6.4	6.885714285714284
707	6.8	6.799999999999998
708	6.0	6.857142857142854
709	6.6	6.742857142857139
710	7.25	6.7142857142857135
711	7.75	6.7785714285714285
712	6.33333333333333	6.914285714285714
713	6.4	6.7333333333333325
714	7.2	6.7333333333333325
715	7.0	6.790476190476189
716	6.8	6.933333333333333
717	7.8	6.961904761904759
718	7.4	7.040476190476189
719	6.6	6.990476190476188
720	7.0	7.0285714285714285
721	7.0	6.773809523809526
722	7.0	6.845238095238097
723	7.0	6.8809523809523805
724	7.0	7.0
725	7.0	7.085714285714286
726	7.2	7.057142857142857
727	7.0	7.028571428571429
728	7.2	7.028571428571429
729	7.0	7.057142857142857
730	7.4	7.057142857142857
731	7.2	7.114285714285715
732	7.2	7.142857142857144
733	7.2	7.171428571428572
734	7.2	7.171428571428572
735	7.2	7.200000000000002
736	7.8	7.200000000000002
737	6.2	7.314285714285716
738	6.8	7.142857142857145
739	6.8	7.085714285714286
740	7.0	7.028571428571429
741	7.2	7.0
742	7.0	7.0
743	7.4	6.971428571428571
744	7.0	6.914285714285714
745	7.0	7.0285714285714285
746	7.0	7.057142857142857
747	7.0	7.085714285714286
748	6.4	7.085714285714286
749	6.0	6.971428571428571
750	7.0	6.828571428571428
751	7.2	6.7714285714285705
752	7.0	6.8
753	7.0	6.8
754	7.0	6.8
755	7.0	6.8
756	6.2	6.885714285714287
757	7.0	6.914285714285716
758	7.0	6.914285714285716
759	7.0	6.885714285714287
760	6.0	6.885714285714287
761	6.6	6.742857142857143
762	7.0	6.685714285714287
763	6.8	6.685714285714287
764	7.0	6.7714285714285705
765	7.0	6.7714285714285705
766	7.0	6.7714285714285705
767	7.0	6.7714285714285705
768	7.25	6.854761904761905
769	3.75	6.7476190476190485
770	4.4	6.397619047619048
771	3.75	6.121428571428572
772	5.33333333333333	5.8
773	5.5	5.49047619047619
774	5.8	5.311904761904762
775	6.2	5.1119047619047615
776	6.4	4.961904761904762
777	6.2	5.340476190476188
778	6.8	5.597619047619047
779	7.0	6.033333333333332
780	7.0	6.2714285714285705
781	7.2	6.485714285714287
782	7.0	6.685714285714287
783	7.5	6.8
784	6.8	6.957142857142857
785	6.75	7.042857142857143
786	6.75	7.0357142857142865
787	7.0	7.0
788	7.2	7.0
789	7.0	7.0
790	7.0	7.0
791	7.5	6.928571428571429
792	6.4	7.028571428571429
793	7.0	6.9785714285714295
794	7.2	7.014285714285713
795	6.6	7.042857142857144
796	7.5	6.957142857142857
797	7.2	7.028571428571429
798	7.2	7.057142857142857
799	7.2	7.014285714285714
800	7.2	7.128571428571432
801	7.2	7.157142857142858
802	7.2	7.157142857142858
803	7.2	7.2428571428571455
804	7.8	7.200000000000002
805	7.4	7.2857142857142865
806	7.0	7.314285714285716
807	6.8	7.2857142857142865
808	7.0	7.2285714285714295
809	6.8	7.2
810	7.0	7.1428571428571415
811	6.75	7.114285714285713
812	7.0	6.9642857142857135
813	6.33333333333333	6.9071428571428575
814	7.0	6.957142857142856
815	6.25	6.957142857142856
816	7.4	6.85
817	7.5	6.8357142857142845
818	7.0	6.821428571428571
819	6.25	6.85
820	6.5	6.885714285714285
821	6.66666666666667	6.842857142857143
822	7.0	6.795238095238097
823	7.0	6.902380952380952
824	7.0	6.845238095238097
825	6.8	6.773809523809526
826	7.25	6.745238095238094
827	7.75	6.888095238095239
828	7.0	7.066666666666667
829	7.5	7.114285714285713
830	6.8	7.185714285714285
831	6.8	7.1571428571428575
832	6.8	7.128571428571428
833	6.8	7.128571428571428
834	7.2	7.064285714285713
835	6.4	6.985714285714286
836	6.75	6.899999999999999
837	7.5	6.792857142857143
838	7.6	6.8928571428571415
839	7.4	7.007142857142857
840	7.0	7.092857142857143
841	7.0	7.121428571428572
842	7.0	7.092857142857143
843	7.0	7.178571428571429
844	6.8	7.2142857142857135
845	6.8	7.114285714285713
846	7.25	6.999999999999999
847	7.0	6.978571428571428
848	7.0	6.978571428571428
849	7.2	6.978571428571428
850	7.5	7.399999999999999
851	7.2	7.328571428571428
852	7.5	7.2714285714285705
853	6.8	7.2857142857142865
854	6.2	7.292857142857143
855	7.6	7.178571428571429
856	7.0	7.2285714285714295
857	6.8	7.114285714285715
858	6.0	7.014285714285713
859	6.33333333333333	6.842857142857143
860	7.4	6.6761904761904765
861	7.0	6.761904761904762
862	6.83333333333333	6.876190476190474
863	7.5	6.766666666666665
864	6.0	6.838095238095236
865	7.0	6.723809523809522
866	7.0	6.866666666666665
867	7.0	6.961904761904762
868	7.4	6.904761904761903
869	7.0	6.961904761904762
870	7.25	6.985714285714287
871	7.0	6.95
872	7.5	7.092857142857143
873	5.2	7.164285714285714
874	6.4	6.9071428571428575
875	7.0	6.821428571428571
876	7.6	6.764285714285713
877	7.2	6.8500000000000005
878	7.4	6.8428571428571425
879	7.0	6.9
880	6.2	6.828571428571429
881	6.6	6.9714285714285715
882	6.8	7.000000000000001
883	7.2	6.9714285714285715
884	7.0	6.914285714285716
885	7.0	6.885714285714287
886	6.2	6.828571428571429
887	6.6	6.714285714285714
888	7.0	6.771428571428572
889	7.4	6.828571428571429
890	7.0	6.914285714285716
891	6.83333333333333	6.885714285714287
892	6.75	6.8619047619047615
893	7.8	6.826190476190477
894	7.0	7.054761904761904
895	7.0	7.1119047619047615
896	7.5	7.1119047619047615
897	8.0	7.126190476190474
898	6.5	7.269047619047616
899	6.4	7.085714285714286
900	6.4	7.0
901	8.4	6.8
902	7.4	7.0
903	8.8	7.142857142857142
904	7.6	7.457142857142856
905	8.4	7.542857142857143
906	7.4	7.628571428571428
907	7.6	7.7714285714285705
908	7.2	7.942857142857143
909	6.2	7.771428571428572
910	7.0	7.600000000000001
911	7.5	7.3428571428571425
912	7.4	7.328571428571429
913	7.6	7.185714285714287
914	7.8	7.214285714285714
915	6.8	7.242857142857143
916	6.25	7.185714285714285
917	7.4	7.192857142857143
918	8.2	7.249999999999999
919	7.8	7.349999999999999
920	7.6	7.407142857142856
921	6.8	7.407142857142856
922	6.8	7.264285714285712
923	6.6	7.264285714285712
924	6.8	7.314285714285713
925	6.0	7.228571428571428
926	6.0	6.914285714285714
927	6.4	6.6571428571428575
928	3.5	6.485714285714286
929	7.2	6.014285714285713
930	6.6	6.071428571428571
931	7.4	6.071428571428571
932	5.75	6.1571428571428575
933	7.4	6.121428571428572
934	7.66666666666667	6.321428571428571
935	7.75	6.5023809523809515
936	8.8	7.10952380952381
937	8.0	7.3380952380952404
938	8.16666666666667	7.538095238095238
939	8.5	7.64761904761905
940	7.83333333333333	8.040476190476193
941	8.33333333333333	8.102380952380951
942	8.0	8.197619047619048
943	7.25	8.233333333333334
944	8.0	8.011904761904763
945	5.2	7.152380952380954
946	7.0	6.895238095238098
947	8.4	6.866666666666667
948	7.6	7.009523809523811
949	6.2	7.000000000000001
950	6.75	6.828571428571429
951	6.2	6.764285714285714
952	6.4	6.764285714285714
953	7.0	6.935714285714287
954	7.66666666666667	6.935714285714287
955	7.0	6.830952380952383
956	8.33333333333333	6.745238095238097
957	7.25	7.05
958	7.0	7.121428571428572
959	5.0	7.235714285714287
960	6.6	7.0357142857142865
961	4.8	6.9785714285714295
962	7.6	6.569047619047617
963	6.0	6.654761904761903
964	6.0	6.321428571428571
965	5.0	6.142857142857142
966	6.83333333333333	5.857142857142858
967	6.0	6.1190476190476195
968	7.0	6.033333333333332
969	6.0	6.347619047619048
970	6.0	6.1190476190476195
971	6.2	6.1190476190476195
972	6.25	6.147619047619048
973	6.0	6.326190476190477
974	5.75	6.207142857142857
975	5.83333333333333	6.171428571428572
976	6.4	6.004761904761906
977	6.25	6.061904761904763
978	5.4	6.097619047619048
979	6.2	5.9833333333333325
980	8.2	5.976190476190474
981	7.0	6.2904761904761894
982	6.8	6.469047619047619
983	7.0	6.607142857142858
984	7.6	7.814285714285715
985	8.6	7.685714285714287
986	7.2	7.878571428571429
987	8.25	7.764285714285714
988	8.2	7.771428571428572
989	8.0	7.835714285714286
990	8.25	7.950000000000001
991	7.8	8.014285714285716
992	7.6	8.042857142857143
993	8.0	7.9
994	7.0	8.014285714285714
995	7.5	7.835714285714286
996	7.2	7.735714285714287
997	6.4	7.621428571428572
998	7.6	7.357142857142858
999	7.8	7.328571428571429
1000	7.5	7.357142857142858
1001	6.0	7.2857142857142865
1002	6.5	7.142857142857144
1003	7.0	7.000000000000001
1004	7.6	6.9714285714285715
1005	7.8	7.142857142857144
1006	7.6	7.171428571428572
1007	8.0	7.142857142857144
1008	8.0	7.214285714285714
1009	8.0	7.500000000000001
1010	7.33333333333333	7.714285714285714
1011	7.6	7.761904761904763
1012	7.8	7.761904761904763
1013	7.8	7.761904761904763
1014	7.4	7.7904761904761894
1015	7.0	7.704761904761903
1016	7.0	7.561904761904763
1017	7.6	7.419047619047618
1018	8.2	7.457142857142857
1019	7.6	7.542857142857144
1020	6.5	7.092857142857143
1021	7.2	6.878571428571428
1022	6.5	6.8500000000000005
1023	6.25	6.8500000000000005
1024	7.5	6.635714285714287
1025	6.8	6.707142857142857
1026	7.4	6.735714285714287
1027	8.25	6.878571428571428
1028	6.5	7.128571428571428
1029	6.0	7.0285714285714285
1030	6.25	6.957142857142856
1031	7.0	6.957142857142856
1032	7.4	6.885714285714285
1033	7.2	6.971428571428571
1034	6.0	6.942857142857143
1035	6.2	6.621428571428572
1036	7.0	6.578571428571429
1037	6.5	6.7214285714285715
1038	6.4	6.757142857142857
1039	7.2	6.671428571428572
1040	6.66666666666667	6.642857142857144
1041	6.66666666666667	6.566666666666667
1042	6.8	6.661904761904764
1043	7.0	6.7476190476190485
1044	7.4	6.9714285714285715
1045	6.4	7.0
1046	7.0	6.857142857142858
1047	5.4	6.828571428571428
1048	6.4	6.628571428571428
1049	7.0	6.6
1050	6.4	6.6
1051	6.6	6.571428571428571
1052	6.4	6.457142857142856
1053	7.2	6.457142857142856
1054	6.8	6.485714285714287
1055	7.2	6.685714285714285
1056	6.5	6.8
1057	6.33333333333333	6.7285714285714295
1058	6.25	6.719047619047619
1059	7.16666666666667	6.669047619047618
1060	6.8	6.778571428571429
1061	7.6	6.721428571428571
1062	7.2	6.835714285714286
1063	6.6	6.835714285714286
1064	7.0	6.8500000000000005
1065	7.5	6.945238095238096
1066	7.4	7.123809523809526
1067	7.6	7.1571428571428575
1068	7.0	7.271428571428572
1069	6.5	7.185714285714287
1070	6.25	7.085714285714286
1071	7.6	7.0357142857142865
1072	7.6	7.121428571428572
1073	7.0	7.135714285714287
1074	7.6	7.078571428571429
1075	6.6	7.078571428571429
1076	6.4	7.021428571428572
1077	6.6	7.007142857142857
1078	6.2	7.057142857142857
1079	6.0	6.8571428571428585
1080	7.8	6.628571428571429
1081	6.4	6.742857142857143
1082	6.4	6.571428571428571
1083	6.0	6.542857142857143
1084	5.6	6.485714285714287
1085	6.66666666666667	6.342857142857143
1086	6.33333333333333	6.40952380952381
1087	6.0	6.457142857142856
1088	6.0	6.2
1089	5.8	6.142857142857142
1090	5.75	6.057142857142857
1091	6.66666666666667	6.0214285714285705
1092	7.0	6.173809523809523
1093	7.2	6.221428571428571
1094	7.4	6.345238095238097
1095	6.8	6.545238095238097
1096	6.66666666666667	6.65952380952381
